# Tarama logu — ayırıcı ';'
# Tip notları:
#   yil = tamsayı (YYYY)
#   tab_karar = dahil | dislan   (başlık/özet taraması)
#   tam_metin_karar = dahil | dislan | ulasilamadi
#   dislama_neden_kodu = D1..Dn (PRISMA neden kodu; protokolde tanımlanır)
#     örn: D1=popülasyon dışı, D2=müdahale dışı, D3=komparatör dışı,
#          D4=sonuç yok, D5=tasarım dışı, D6=yinelenen/çoklu-yayın, D7=tam metin yok
#   Aynı çalışmanın çoklu yayını D6 ile işaretlenir (çalışma != rapor).
# Aşağıdaki satır <PLACEHOLDER> örneğidir; gerçek veriyle DEĞİŞTİRİN.
record_id;kaynak_db;pmid_doi;baslik;yil;tab_karar;tam_metin_karar;dislama_neden_kodu;tarayici_notu
<REC-001>;PubMed;<PMID_veya_DOI>;<BASLIK>;2024;dahil;dahil;;<not>
<REC-002>;Embase;<PMID_veya_DOI>;<BASLIK>;2023;dislan;;D1;<popülasyon dışı gerekçe>
