kume	claim	source_ids	bib_key	bulgu_ankraj	population_fit	measurement_fit	fulltext_locator	iliski	confidence
C1	Kronik fiziksel hastalığı olan gençlerin ailelerinde ebeveyn-çocuk ilişkisi çok küçük ölçüde daha az olumludur (g=-0,16), düşük sıcaklık (g=-0,22), yüksek aşırı koruma (g=0,39) ve kontrol (g=0,18) eşlik eder; etkiler çoğunlukla küçüktür ve hastalığa göre değişir.	DOI:10.1093/jpepsy/jst020; PMID:23660152	pinquart2013	apa_t06/t07; CSR#h1-karar	direct — kronik fiziksel hastalıklı çocuk/ergenler (325 çalışma), T1DM bu şemsiye içinde	partial — Pinquart boyutları sıcaklık(-)/aşırı koruma/kontrol; EMBU-C reddetme ≈ düşük sıcaklık kutbu, ayrık 'reddetme' boyutu Pinquart'ta yok; asıl transfer küçük-etki bandının kendisi (g≈0,13-0,39)	abstract-only (JPP özeti tüm g değerlerini verir; tam metne gerek yok)	benzer	high
C1	Kronik fiziksel hastalığı olan gençler sağlıklı akranlarından daha yüksek içselleştirme sorunu bildirir (g=0,47) ve bu fark en büyük ebeveyn raporlarında, en zayıf ise ergen öz-bildirimlerinde görülür.	DOI:10.1093/jpepsy/jsr042; PMID:21810623	YENI:pinquart2011behaviorProblems	apa_t06/t07; CSR#h1-karar	direct — kronik fiziksel hastalıklı çocuk/ergenler (569 çalışma, CBCL/YSR/TRF)	partial — çıktı içselleştirme (davranış problemi); tezin çıktısı EMBU-C reddetme algısı, ancak rater moderasyonu (ebeveyn>öz-bildirim) doğrudan bilgi-verici ayrışmasını kanıtlar	abstract-only (özet g=0,47 + rater moderasyonunu verir)	benzer	high
C1	Kültürler-arası 43 çalışmalık meta-analiz, algılanan ebeveyn reddinin çocuklarda psikolojik uyumsuzlukla evrensel ve güçlü biçimde ilişkili olduğunu göstermiştir (ağırlıklı ortalama r=0,51 çocuklar, r=0,46 yetişkinler; istisnasız tüm çalışmalarda).	DOI:10.1111/j.1741-3737.2002.00054.x; OpenAlex:W2029696987	YENI:khaleque2002parqMeta	apa_t06/t07; CSR#h1-karar	partial — genel kültürler-arası örneklem (PARQ/PAQ), kronik hastalık-özgül değil	direct — algılanan reddetme yapısı (PARTheory personality subtheory) EMBU-C reddetme ile kavramsal olarak örtüşür	abstract-only (OpenAlex abstract: r=0,51 çocuklar / r=0,46 yetişkinler doğrulandı)	bosluk-doldurur	high
C1	Ebeveyn Kabul-Red Kuramı (PARTheory), algılanan reddin gender/ırk/dil/kültürden bağımsız olarak düşmanlık, olumsuz benlik-değeri, olumsuz dünya görüşü ve duygusal istikrarsızlık içeren tanımlı bir uyumsuzluk sendromunu evrensel biçimde öngördüğünü savunur.	DOI:10.1037/0003-066x.59.8.830	rohner2004parAcceptance	apa_t06/t07; CSR#h1-karar	partial — kuramsal/pankültürel çerçeve, hastalık-özgül değil	direct — kabul-red kutbu EMBU-C reddetme alt ölçeğinin kuramsal dayanağıdır	abstract-only (kuramsal önerme; sayısal endpoint gerekmez)	bosluk-doldurur	high
C1	Çocuk psikopatolojisi değerlendirmesinde bilgi-vericiler (ebeveyn/çocuk/öğretmen) arasındaki tutarsızlıklar sistematik ve anlamlıdır; Atıf-Yanlılığı Bağlam Modeli her bilgi-vericinin kendi bağlamında geçerli bilgi taşıdığını, dolayısıyla çocuğun kendi red algısının çocuk-içselleştirme için birincil ölçüt olduğunu ortaya koyar.	DOI:10.1037/0033-2909.131.4.483; PMID:16060799	YENI:deLosReyesKazdin2005	apa_t06/t07; CSR#h1-karar	direct — çocuk/ergen ruh sağlığı çok-bilgi-verici değerlendirmesi	direct — bilgi-verici ayrışması metodolojisi; tezin çocuk-raporunu birincil kılma gerekçesini temellendirir	abstract-only (ABC modeli niteliksel çerçeve)	bosluk-doldurur	high
C1	Çok-bilgi-verici yaklaşım meta-analizi, farklı raporların düşük-orta uyumunun ölçüm hatası değil bağlam-özgül gerçek varyans olduğunu gösterir; bu, çocuğun kendi ebeveyn-tutum algısının kendi ayarlaması için ayrı ve geçerli bir kaynak olduğunu doğrular.	DOI:10.1037/a0038498	deLosReyes2015	apa_t06/t07; CSR#h1-karar	direct — çocuk/ergen ruh sağlığı değerlendirmesi (Psychological Bulletin meta)	direct — çok-bilgi-verici geçerlik; aile-içi ICC≈0,14 (ebeveyn-çocuk ayrışması) ile örtüşür	abstract-only (çok-bilgi-verici geçerlik ilkesi)	bosluk-doldurur	high
C1	1.015 çalışmalık meta-analizde düşük sıcaklık ve otonomi tanıma içselleştirme ile çok küçük-küçük negatif; sert kontrol, psikolojik kontrol ve otoriter/ihmalkâr ebeveynlik ise pozitif ilişkilidir — reddedici tarzda ebeveynliğin içselleştirmeyle bağı genel örneklemde de küçüktür.	DOI:10.1080/01494929.2016.1247761; OpenAlex:W2531290471	YENI:pinquart2016internalizing	apa_t06/t07; CSR#h1-karar	partial — genel çocuk/ergen popülasyonu, kronik hastalık-özgül değil	partial — sıcaklık/kontrol boyutları içselleştirme ile; reddetme ≈ düşük sıcaklık + sert kontrol; kesin reddetme-boyutu r'si özette verilmez ('çok küçük-küçük')	abstract-only (OpenAlex abstract: yön + 'very small to small' büyüklük tanımlayıcısı; kesin r uydurulmadı)	benzer	moderate
C1	Türkiye'de Tip 1 diyabetli ergenlerde psikopatoloji, yaşam kalitesi ve ebeveyn tutumları birlikte değerlendirilmiş; bu grup kontrol/norma kıyasla ebeveyn tutumu ve ruhsal uyum açısından risk sinyalleri göstermiştir.	DOI:10.5152/npa.2015.7248; PMID:28360693	sahin2015parentalAttitude	apa_t06/t07; CSR#h1-karar	direct — Türkiye T1DM ergen örneklemi (aynı ülke/klinik bağlam)	partial — ebeveyn tutumu ölçeği (PARI tipi) kullanır; EMBU-C reddetme boyutu değil, kavramsal örtüşme kısmi	abstract-only + tam metin erişilebilir (PMC5353187) — kritik endpoint için gerekmedi	benzer	moderate
C1	Kısaltılmış EMBU Çocuk Formu'nun (s-EMBU-C/KAET-Ç) Türkçe uyarlaması güvenirlik ile eş zamanlı, birleşen ve ölçüt geçerliği kanıtları taşır; reddetme alt ölçeği Türk çocuklarında psikometrik olarak kullanılabilirdir.	bib-only:dirik2015sEmbuTurkish (DOI/PMID/OpenAlex yok; turkpsikiyatri C26S2/06 PDF — atıf-kapısında kimlik doğrulanacak)	dirik2015sEmbuTurkish	apa_t06/t07; CSR#h1-karar	partial — Türk çocuk örneklemi (genel), klinik/T1DM değil	direct — tezin EMBU-C reddetme aracının Türkçe psikometrik dayanağı; graded-response latent doğrulamayı destekler	abstract-only (Türk Psikiyatri Dergisi; PDF açık: turkpsikiyatri.com/PDF/C26S2/06.pdf) — DOI'siz kaynak, OpenAlex/Semantic Scholar ile künye doğrulanmadı; bkz. gap_log	benzer	low
C2	İstatistiksel anlamsızlık tek başına etki yokluğu kanıtı değildir; Bayes faktörü ile eşdeğerlik (TOST) testlerinin birlikte kullanımı, anlamlı bir etkinin yokluğunu pozitif olarak doğrulamanın uygun yoludur — H3'te BF₁₀ 'orta H0' + TOST 'Equivalent' + ROPE üçlemesinin tam da bu çerçeveye oturması bulgunun metodolojik meşruiyetini sağlar.	DOI:10.1093/geronb/gby065; OpenAlex:W2803536098; PMID:29878211	YENI:lakens2018nullBF	apa_t10; apa_t11; CSR#h3-karar	indirect — genel psikoloji metodoloji makalesi, popülasyon-bağımsız çıkarım çerçevesi	indirect — ölçek-bağımsız; null etki çıkarım yöntemi (BF+eşdeğerlik) doğrudan H3 karar mimarisiyle örtüşür	abstract-only (yöntem iddiası abstract düzeyinde yeterli)	bosluk-doldurur	high
C2	Eşdeğerlik testi (TOST), önceden belirlenmiş bir en küçük ilgi çekici etki büyüklüğü (SESOI) sınırına göre gözlenen etkinin pratik olarak sıfıra denk olduğunu istatistiksel olarak gösterir; böylece 'fark bulamadık' ifadesi 'anlamlı fark yok' kanıtına dönüştürülebilir.	DOI:10.1177/1948550617697177; PMID:28736600; PMCID:PMC5502906	lakens2017equivalence	apa_t10; apa_t11; CSR#h3-karar	indirect — yöntem primer'i, popülasyon-bağımsız	direct — t-testi/korelasyon için TOST uygulaması, H3 alt ölçek karşılaştırmalarındaki eşdeğerlik yorumuyla birebir	abstract-only	benzer	high
C2	Ebeveyn öz-rapor ölçekleri, yanıtın 'sosyal istenirlik için düzenlenmesi' (yanıt üretiminin beşinci görevi) dahil sistematik çarpıtmalara açıktır; bu nedenle ebeveynlik davranışlarına ilişkin öz-rapor, gerçek uygulamayı değil bildirilebilir/kabul edilebilir uygulamayı yansıtabilir.	DOI:10.1007/s10567-006-0001-5; PMID:16636897	YENI:morsbachPrinz2006	CSR#h3-karar; apa_t10	direct — ebeveynlik davranışını öz-raporla bildiren ebeveynler	direct — ebeveynlik öz-rapor anketlerinin geçerliği (EMBU-P gibi araçlara transfer)	abstract-only (Clin Child Fam Psychol Rev derleme; sosyal-istenirlik düzenleme mekanizması abstract+MeSH düzeyinde)	bosluk-doldurur	high
C2	Çoklu bilgi-verici raporları arasındaki uyuşmazlıklar büyük ve sistematiktir (yalnız ölçüm hatası değil); tek bir bilgi-vericinin (örn. anne) raporu bağlama-özgü, perspektifsel bir penceredir — dolayısıyla anne öz-raporunda fark görülmemesi, bakış açısının görünürlük sınırıyla açıklanabilir.	DOI:10.1037/a0038498; OpenAlex:W2006486450	deLosReyes2015	CSR#h3-karar; apa_t11	partial — çocuk/ergen ruh sağlığı ve ebeveynlik çoklu-informant değerlendirmesi (aile bağlamı örtüşür)	partial — cross-informant uyum meta-analizi; anne öz-raporunun perspektifsel doğasını temellendirir	abstract-only	benzer	high
C2	Ebeveynlerin öz-raporladığı ebeveynlik ile gözlemlenen ebeveynlik arasındaki uyum zayıftır ve özellikle değerlendirildiğini/incelendiğini bilen (ör. müdahale/tedavi) örneklemlerde öz-rapor gözlemden ayrışır — öz-raporun gözlemsel gerçekliği tam yakalamadığını gösterir.	DOI:10.20429/jgpha.2019.070217	YENI:zahidi2019	CSR#h3-karar	partial — tedavi vs tedavi-dışı ebeveyn örneklemleri (kronik hastalık değil; öz-rapor–gözlem ayrışması transfer edilebilir)	partial — öz-rapor vs gözlemlenen ebeveynlik karşılaştırması; EMBU öz-raporunun gözlemsel geçerlik sınırına ışık tutar	abstract-only (açık erişim PDF mevcut)	bosluk-doldurur	moderate
C2	Meta-analiz, kronik hastalıklı çocuk ailelerinde ebeveyn-çocuk ilişkisi ve ebeveynlik davranışlarında sağlıklı ailelere kıyasla KÜÇÜK ama saptanabilir farklar bulmaktadır — dış literatürde küçük bir fark izi varken tezin anne EMBU-P alt ölçeklerinde H0 çıkması, farkın yokluğundan çok öz-rapor kanalındaki görünürlük/atenüasyon sınırına işaret eder.	DOI:10.1093/jpepsy/jst020	pinquart2013	apa_t10; apa_t11; CSR#h3-karar	direct — kronik hastalıklı çocuk aileleri (T1DM dahil) vs sağlıklı; DM×kontrol tasarımıyla örtüşür	partial — ebeveynlik davranışı/ilişki farkları; kısmen gözlem+öz-rapor karışık ölçüm	abstract-only (DOI çözümlenir; Journal of Pediatric Psychology)	farkli	moderate
C2	Tip 1 diyabetli çocuk ebeveynlerinde (özellikle küçük çocuklarda) ebeveynlik stresi ve bakım yükü yükselmiştir — psikolojik yükün belgelenmiş varlığı, tezin anne öz-raporundaki H0'ının 'yük yok' değil 'öz-rapor kanalında görünmeyen yük' biçiminde okunmasını destekler.	DOI:10.1007/s11892-014-0520-2; PMID:25009119; PMCID:PMC4113115	streisandMonaghan2014	CSR#h3-karar; niteliksel#tema-2	direct — T1DM'li çocuk ebeveynleri/anneleri	indirect — ebeveynlik stresi/yük (parenting attitude değil); yük-varlığı ile öz-rapor-null kontrastını kurar	abstract-only (Current Diabetes Reports derleme)	farkli	high
C2	Popülasyon temelli veride, T1DM'li çocuk anneleri babalara göre anlamlı biçimde daha fazla tıbbi-tedavi yükü ve daha fazla duygusal sıkıntı bildirmektedir; yük özellikle tıbbi bakım/gece izlemine bağlanmıştır — maternal yükün 'tıbbi bakıcı' rolüne kaymasını (nitel Tema 2) dış veriyle doğrular.	DOI:10.1111/j.1399-5448.2010.00661.x; PMID:20522171	YENI:haugstvedt2011	niteliksel#tema-2; CSR#h3-karar	direct — T1DM'li çocuk anneleri (ve babaları), popülasyon temelli	indirect — algılanan aile yükü + duygusal sıkıntı (HSCL-25); ebeveynlik-tutumu değil, ancak maternal yük asimetrisini gösterir	abstract-only	farkli	high
C2	Niteliksel kapsam derlemesi, T1DM bakım yükünün ağırlıklı olarak annelerde yoğunlaştığını ve annelik rolünün diyabet yönetimi etrafında tıbbileştiğini göstermektedir — bu, nicel EMBU-P H0'ı ile nitel Tema 2 (anneliğin tıbbi-bakıcıya kayması) arasındaki karma köprüye dış-literatür zemini sağlar.	DOI:10.1016/j.heliyon.2024.e27539; PMID:38524615; PMCID:PMC10958210	azimi2024caregiver	niteliksel#tema-2; CSR#h3-karar	direct — T1DM'li çocuk ebeveynleri (nitel bakıcı-yük sentezi)	indirect — bakıcı yükü niteliksel temaları; ebeveynlik-tutumu ölçümü değil, karma köprü zemini	abstract-only (açık erişim PMC10958210 mevcut)	bosluk-doldurur	high
C3	Maternal depresyonun ebeveynlik üzerindeki etkisi meta-analitik olarak en güçlü şekilde olumsuz/negatif ebeveyn davranışında (irritabilite, düşmanlık), daha az güçlü şekilde ilgisizlik/disengagement'ta ve en zayıf ama anlamlı şekilde olumlu/sıcak davranışın azalmasında görülür; bu sıralama iç bulgumuzdaki |reddetme +0,33| > |sıcaklık -0,28| ≈ |karşılaştırma +0,28| örüntüsüyle yön ve göreli büyüklük açısından tutarlıdır.	DOI:10.1016/s0272-7358(98)00100-7; PMID:10860167	lovejoy2000maternal	apa_t12	partial — genel depresif anne örneklemi (46 gözlemsel çalışma), pediatrik kronik hastalık dışı	partial — gözlemsel ebeveynlik kodlaması vs EMBU-P çok boyutlu bildirim; yapı örtüşür (sıcaklık/negatif davranış)	abstract-only — yön sıralaması ve moderatörler abstract'ta açık	benzer	high
C3	193 çalışmalık meta-analizde maternal depresyon çocuklarda daha yüksek negatif duygulanım/davranış ve daha düşük olumlu duygulanım/davranışla ilişkilidir; tüm ilişkiler küçük büyüklüktedir — iç bulgumuzun standartlaştırılmış β=0,28-0,33 aralığındaki küçük-orta etki büyüklükleriyle uyumlu bir tavan sağlar.	DOI:10.1007/s10567-010-0080-1; PMID:21052833	YENI:goodman2011maternalMetaanalytic	apa_t12	partial — genel maternal depresyon; çocuk psikopatolojisi/duygulanım çıktıları	indirect — çıktı çocuk davranışı/duygulanımı; ebeveynlik davranışı doğrudan değil, büyüklük çerçevesi için kullanılır	abstract-only — 'all associations small in magnitude' abstract'ta açık	benzer	high
C3	Tip 1 diyabetli çocuk örnekleminde maternal depresif belirtiler aile sıcaklığı, aile işlevselliği ve çocuk yaşam kalitesiyle negatif ilişkilidir ve aile sıcaklığı maternal→çocuk depresif belirti ilişkisine aracılık eder — bu, iç bulgumuzun sıcaklık β=-0,28 yönünü tam olarak T1DM bağlamına taşır ve H1 aracılık çerçevesini destekler.	DOI:10.1093/jpepsy/jsm104; PMID:17991690	YENI:jaser2007t1dmMediators	CSR#h4-karar	direct — T1DM'li 8-12 yaş çocuklar ve anneleri	partial — 'aile sıcaklığı' tek boyut vs EMBU-P sıcaklık/reddetme/karşılaştırma/aşırı koruma	abstract-only — r=.44 maternal-çocuk depresyon, sıcaklık aracılığı abstract'ta	bosluk-doldurur	high
C3	Sistematik derleme ve meta-analiz, ebeveynliğin (özellikle sıcaklık ve düşmanlık/olumsuz kontrol boyutlarının) maternal depresyon ile çocuk işlevselliği arasındaki ilişkiye aracılık ettiğini ve depresyon→ebeveynlik (a-yolu) ilişkisinin sağlam olduğunu gösterir; bu, iç bulgumuzun a-yolunun (Beck→EMBU-P) varlığını ve H1 aracılık tutarlılığını doğrudan besler.	DOI:10.1007/s10567-020-00322-4	goodman2020parentingMediator	CSR#h4-karar	partial — genel maternal depresyon; aracılık modeli çerçevesi	direct — ebeveynlik sıcaklık/düşmanlık boyutları aracı değişken olarak, EMBU-P boyutlarıyla örtüşür	abstract-only — a-yolu (depresyon→ebeveynlik) sağlamlığı derleme sonucu	benzer	high
C3	Kronik fiziksel hastalıklı çocuk ailelerinde meta-analitik olarak sıcaklık/duyarlılık azalır (g=-0,22) ancak aşırı koruma belirgin şekilde YÜKSELİR (g=+0,39) — bu aşırı korumanın esas olarak hastalık-kaynaklı olduğunu düşündürür; iç bulgumuzda maternal depresyonun aşırı korumayı yordamaması (β=0,08 ns) bu ayrımı destekler: depresyon sıcaklık/reddetme/karşılaştırmayı sürükler, aşırı korumayı değil.	DOI:10.1093/jpepsy/jst020; PMID:23660152	pinquart2013	apa_t12	direct — kronik fiziksel hastalıklı çocuk aileleri (T1DM dahil geniş kapsam)	partial — sıcaklık/aşırı koruma boyutları örtüşür; yordayıcı hastalık-durumu vs maternal depresyon	abstract-only — g=-.22 sıcaklık, g=+.39 aşırı koruma abstract'ta	farkli	high
C3	Tek-dalga kesitsel verilerden hesaplanan aracılık (a×b) tahminleri, otoregresif boylamsal modele kıyasla sistematik olarak yanlıdır; kesitsel SEM temporal/nedensel aktarımı kanıtlayamaz — bu, iç bulgumuzun 'nedensel aktarım yorumu yok' sınırını ve a-yolu var / b-yolu ns örüntüsünün yalnızca ilişkisel yorumla H1 ile tutarlı sayılabileceğini metodolojik olarak temellendirir.	DOI:10.1080/00273171.2011.606716; OpenAlex:W2119963803	YENI:maxwellCole2011crossMediation	CSR#h4-karar	indirect — metodolojik kaynak, popülasyon-bağımsız	indirect — istatistiksel yöntem uyarısı, SEM yorum sınırı için	abstract-only — kesitsel aracılık yanlılığı temel sonuç	bosluk-doldurur	high
C3	Depresif annelerin çocuklarında psikopatoloji riski için gelişimsel model, işlevsiz ebeveynliği (azalmış sıcaklık, artmış düşmanlık/olumsuzluk ve tutarsız disiplin) kuşaklararası aktarımın temel mekanizmalarından biri olarak konumlar — iç bulgumuzun Beck→EMBU-P sıcaklık(-)/reddetme(+)/karşılaştırma(+) örüntüsüne kuramsal çerçeve sağlar.	DOI:10.1037/0033-295X.106.3.458	goodman1999risk	CSR#h4-karar	partial — depresif anne çocukları kuramsal modeli	indirect — kuramsal mekanizma çerçevesi, ampirik β değil	abstract-only — kuramsal model; ebeveynlik aktarım mekanizması	benzer	high
C3	Güncellenmiş meta-analiz, düşük ebeveyn sıcaklığı ve yüksek reddetme/sert kontrolün çocuk-ergen dışsallaştırma sorunlarıyla ilişkili olduğunu gösterir (b-yolu bağlamı); iç bulgumuzda maternal depresyonun bu 'riskli' boyutları (reddetme +0,33, karşılaştırma +0,28) yordaması, sonraki çocuk-çıktı aracılığı için makul bir a-yolu oluşturduğunu ancak b-yolunun bu kesitsel örneklemde ns kalabileceğini bağlamlandırır.	DOI:10.1037/dev0000295	pinquart2017parentingDimensions	apa_t12	partial — genel çocuk/ergen; kronik hastalık dışı	partial — sıcaklık/reddetme boyutları örtüşür; çıktı dışsallaştırma (b-yolu tarafı)	abstract-only — sıcaklık/reddetme→dışsallaştırma etki büyüklükleri	benzer	moderate
C4	Kronik hastalığı olan çocukların kardeşlerinde uyum, kontrollere göre yalnızca küçük ve heterojen bir olumsuz etki gösterir (51 çalışma, 103 etki büyüklüğü); günlük tedavi rejimi gerektiren hastalıklarda (ör. diyabet) etki daha belirgindir ve ebeveyn raporları çocuk öz-bildiriminden daha olumsuzdur.	DOI:10.1093/jpepsy/27.8.699;PMID:12403860	sharpe2002siblings	apa_t08	direct — kronik hastalık kardeşleri (T1D dâhil karışık tanı havuzu)	partial — psikososyal uyum sonuçları; doğrudan SRQ ilişki kalitesi değil	abstract-only (PMID:12403860)	benzer	high
C4	Kanserli çocukların kardeşlerinde anksiyete, depresyon ve genel uyumun ortalama düzeyleri karşılaştırma gruplarıyla benzerdir ve yaşam kalitesi bulguları karışıktır; niteliksel temalar hem olgunlaşma/şefkat hem de güçlü olumsuz duygular ve karşılanmamış gereksinimleri birlikte içerir, ebeveyn raporları çocuk raporundan daha olumsuzdur.	DOI:10.1002/pon.4669;PMID:29441699	YENI:long2018cancerSibReview	apa_t08	partial — pediatrik kanser kardeşleri (T1D değil)	partial — standart uyum/QoL ölçekleri, SRQ değil	abstract-only (PMID:29441699)	bosluk-doldurur	high
C4	Kronik hastalıkta kardeş uyumu tek yönlü değildir; deneyim, psikososyal uyum, başa çıkma ve iletişim boyutlarında hem risk hem uyum-sağlama (resilience) örüntüleri birlikte gözlenir.	DOI:10.1177/1074840720977177;PMID:33305651	lummerAikey2021	CSR#h2-karar	direct — 0-17 yaş kronik hastalık kardeşleri	indirect — bütünleştirici derleme, ölçek düzeyi değil	abstract-only (PMID:33305651)	benzer	high
C4	Kardeş İlişkileri Anketi (SRQ) çocuk algısından türetilen dört boyut tanımlar — Sıcaklık/Yakınlık, Göreli Statü/Güç, Çatışma, Rekabet — ve aile-takımyıldızı değişkenleriyle örtüşmediğinden ilişki kalitesi bu boyutlarla doğrudan ölçülmelidir.	PMID:3987418	furmanBuhrmester1985srq	apa_t08	indirect — klinik-dışı norm örneklem (5.-6. sınıf); ölçüm-kaynağı	direct — tezin dört SRQ alt ölçeği bu yapıdan gelir	abstract-only (PMID:3987418)	benzer	high
C4	Türkiye örnekleminde kronik hastalığı (diyabet dâhil) olan çocukların sağlıklı kardeşlerinde yaşam kalitesi kontrollere göre düşüktür ve çocuk öz-bildirimindeki genel etki ebeveyn algısından belirgin olarak yüksektir (%30,4'e karşı %15,1), bu da düşük ebeveyn farkındalığına işaret eder.	DOI:10.4274/balkanmedj.galenos.2019.2019.7.142;PMID:31647208	YENI:dinleyici2019siblingQoLTurkiye	niteliksel#tema-1	direct — Türkiye, kronik hastalık (diyabet dâhil) kardeşleri	indirect — PedsQL, SRQ değil	abstract-only (PMID:31647208)	bosluk-doldurur	high
C4	T1DM'li çocukların kardeşlerinin %38'i glisemik kontrol düzeyi, yüksek ebeveyn stresi ve bozulmuş aile işlevselliğiyle ilişkili anlamlı duygusal-davranışsal sorunlar bildirmiştir; kardeş uyumu aile uyumuyla iç içedir ve uyarlanabilir başa çıkma tampon işlevi görür.	DOI:10.1016/j.pedn.2023.10.024;PMID:39492038	elhabashy2023siblings	apa_t09	direct — T1DM kardeşleri (n=100)	indirect — SDQ/KIDCOPE, SRQ değil	abstract-only (PMID:39492038)	bosluk-doldurur	high
C4	288 aileyi kapsayan bir aile-sistemleri modelinde ebeveyn-kardeş iletişim kalitesi daha iyi kardeş yaşam kalitesi ve prososyal davranışla, düşük babalık depresyonu ise daha iyi kardeş ruh sağlığıyla ilişkilidir; kardeş uyumu ilişki-düzeyi ve ebeveyn değişkenleriyle biçimlenir.	DOI:10.1093/jpepsy/jsaf017;PMID:40327755	YENI:kirchhofer2025sibsRiskModel	apa_t09	partial — kronik gelişimsel/fiziksel bozukluk kardeşleri (T1D karışık)	indirect — SEM, kardeş öz-bildirim uyum ölçekleri; SRQ değil	abstract-only (PMID:40327755)	bosluk-doldurur	moderate
C4	Kronik pediatrik (somatik) hastalığı olan çocukların kardeş ilişkilerinde katılım/arkadaşlık ve empati/ilgi düzeyleri, kronik ruhsal bozukluk grubuna göre anlamlı olarak daha yüksektir; rekabet skorları ise 10 yaş altı kardeşlerde her iki grupta yükselir — yani somatik kronik hastalıkta kardeş ilişki kalitesi büyük ölçüde korunabilir/olumlu kalabilir.	DOI:10.3390/children10030587;PMID:36980145	YENI:rad2023siblingDynamics	apa_t08	partial — kronik pediatrik somatik vs. ruhsal bozukluk kardeşleri	partial — SRQ benzeri boyutlar (empati/katılım/arkadaşlık/rekabet), farklı araç	abstract-only (PMID:36980145)	benzer	moderate
C4	Türkiye'de kardeş ilişkilerini ölçmeye yönelik geçerli-güvenilir bir Kardeş İlişkileri Ölçeği (KİÖ) geliştirilmiştir; bu, kardeş ilişki kalitesinin Türk örneklemlerinde nicel olarak ölçülebilirliğini destekler ancak Furman-Buhrmester SRQ'nun doğrudan uyarlaması değildir.	DOI:10.21764/maeuefd.340206;OpenAlex:W2780131787	aktas2017kardesIliskileriOlcegi	apa_t08	direct — Türk örneklem (ölçek geliştirme)	partial — bağımsız Türkçe kardeş-ilişki ölçeği; SRQ ile eşdeğer değil	abstract-only (OpenAlex:W2780131787; dergipark tam-metin OA)	benzer	low
C5	Bilgi verici ayrışmaları rastgele hata değil sistematik ve anlamlıdır: farklı bilgi vericiler çocuğu farklı bağlamlarda gözler, bu nedenle düşük anne-çocuk uyumu ölçüm güvenilmezliği DEĞİL, bağlama/role bağlı geçerli varyanstır (Attribution Bias Context Model).	DOI:10.1037/0033-2909.131.4.483; PMID:16060799	YENI:deLosReyesKazdin2005	CSR#sec-genel-hipotez-ozet	partial — çocuk psikopatolojisi değerlendirmesi; biz ebeveynlik-tutumu algısı ölçüyoruz, kavramsal çerçeve doğrudan aktarılabilir	indirect — kuramsal çerçeve; ICC/latent metriğe doğrudan denk değil	abstract-only (PubMed metadata doğrulandı)	bosluk-doldurur	high
C5	Çok-bilgi-verici yaklaşımda ayrışmalar, tek bir informanta indirgenemeyen, sonuçları öngörebilen informant-özgü geçerli varyans taşır; geçerlilik için informantlar-arası yakınsama (konkordans) ÖN KOŞUL değildir.	DOI:10.1037/a0038498; PMID:25915035	deLosReyes2015	apa_t13	partial — çocuk/ergen ruh sağlığı değerlendirmesi genel	indirect — geçerlik kuramı; bizim ICC/Olsen-Kenny latent metriğimize kavramsal köprü	abstract-only	bosluk-doldurur	high
C5	Operations Triad Model: informantlar arası uyuşmazlık 'diverging operations' olarak yorumlanabilir ve gerçek bağlam-özgül farkı yansıtabilir; 'birden çok stratejinin aynı yönde birleşmesi' (converging operations) beklentisinin karşılanmaması ölçüm başarısızlığı değil, informant-bağlam gerçekliğinin göstergesidir.	DOI:10.1016/j.cpr.2021.102114; PMID:35066239	YENI:deLosReyes2021needsGoals	CSR#h5-karar	partial — genç ruh sağlığı hizmet sunumu; triangülasyon mantığı doğrudan transfer	indirect — converging/diverging operations kavramı bizim ön-kayıtlı '≥3 strateji aynı yön' triangülasyon kriterini teorik olarak çerçeveler	abstract-only (PubMed metadata doğrulandı)	bosluk-doldurur	high
C5	85 çalışma / 476 etki büyüklüğü meta-analizinde ebeveyn-çocuk ebeveynlik-algısı uyumu anlamlı ama YALNIZCA MÜTEVAZI düzeydedir (r küçük-orta); ebeveynler kendi davranışlarını çocuklarından daha olumlu bildirir ve uyum yaşa, klinik statüye, aile bütünlüğüne göre değişir.	DOI:10.1007/s10964-016-0524-0; PMID:27380467	korelitz2016congruence	apa_t13	direct — ebeveynlik davranışı algısı (CRPBI; EMBU'ya yapısal olarak yakın: kabul/kontrol boyutları)	partial — Pearson r + Hedges g; biz ICC/latent uyum kullanıyoruz, yön/büyüklük benchmark'ı geçerli	abstract-only (havuz r ve moderatörler tam-metinde; yön/büyüklük abstract'ta doğrulandı)	benzer	high
C5	Klasik meta-analiz: informantlar-arası uyum düşüktür ve 'durumsal özgüllük' (situational specificity) gösterir — yani düşük korelasyon çocuğun davranış/algısının bağlamdan bağlama gerçekten değişmesindendir, tek bir 'doğru' informant yoktur.	DOI:10.1037/0033-2909.101.2.213; PMID:3562706	achenbach1987crossinformant	CSR#sec-genel-hipotez-ozet	partial — çocuk davranış/duygu problem derecelendirmeleri	partial — informantlar-arası Pearson r; durumsal-özgüllük tezi bizim düşük ICC yorumuna doğrudan uygulanır	abstract-only; havuz ortalama r (~0,28) tam-metinde, durumsal-özgüllük tezi başlık/MeSH ile doğrulandı	benzer	moderate
C5	ICC yorum bantları otoritesi (Cicchetti): <0,40 zayıf/fakir; 0,40-0,59 orta; 0,60-0,74 iyi; >=0,75 mükemmel — bizim havuz ICC 0,00-0,11 aralığının 'fakir-zayıf' band etiketinin kanonik dayanağı.	DOI:10.1037/1040-3590.6.4.284	cicchetti1994	apa_t13	n/a — psikometrik yöntem otoritesi	direct — ICC eşik bantları; bizim 4/4 alt ölçekte 'fakir-zayıf' band raporlamasını dayandırır	abstract-only; bantlar standart-dokümante (in-repo vetted bib)	benzer	high
C5	ICC form seçimi ve raporlama otoritesi (Koo-Li): 10 ICC formu farklı varsayım/yorum taşır; güvenilirlik %95 GA temelli değerlendirilmeli (<0,5 zayıf, 0,5-0,75 orta, 0,75-0,90 iyi, >0,90 mükemmel) — hem 'fakir-zayıf' band hem Kenny k'nın geniş güven aralığının raporlanması gerekliliğini destekler.	DOI:10.1016/j.jcm.2016.02.012; PMID:27330520	YENI:koo2016iccGuideline	CSR#h5-karar	n/a — psikometrik yöntem otoritesi	direct — ICC form/GA raporlama standardı; Kenny k geniş GA yorumunu ve düşük-uyum sınıflamasını çerçeveler	abstract-only (PubMed metadata doğrulandı; bantlar abstract içinde)	benzer	high
C5	Değiştirilebilir diyadlar için SEM (Olsen-Kenny): diadik veride ortak-yön (common fate) latent uyum, ayrık informant raporlarından ayrıştırılarak modellenir — bizim Olsen-Kenny latent reddetme (r=0,19; DM 0,29/kontrol 0,17) analizinin kanonik yöntem kaynağı.	DOI:10.1037/1082-989X.11.2.127	olsenKenny2006interchangeableDyads	CSR#h5-karar	n/a — diadik yöntem otoritesi (Kenny-Kashy-Cook geleneği)	direct — kullanılan latent diadik model; DM modelinin zayıf uyumu bu çerçevede yorumlanır	abstract-only (in-repo vetted bib)	benzer	high
C5	Ölçüm değişmezliği (measurement invariance) teknikleri informant ayrışmalarını saptamak için KAVRAMSAL/METODOLOJİK olarak uygun değildir — yani düşük anne-çocuk uyumu bir 'ölçüm invaryansı ihlali/method artefaktı' olarak yorumlanmamalı, tözsel informant-varyansı olarak ele alınmalıdır.	DOI:10.3389/fpsyg.2022.931296	delosReyes2022discrepancies	CSR#h5-karar	partial — genç ruh sağlığı değerlendirmesi; ilke doğrudan transfer	indirect — invariance-reddi argümanı; düşük ICC'yi 'hata değil' okumamızı güçlendirir	abstract-only (in-repo vetted bib)	bosluk-doldurur	high
C5	T1DM gençlerinde psikososyal tarama diadik uyumu ALANA BAĞLIDIR: depresyon (ICC=0,787) ve anksiyete (ICC=0,781) semptom taramasında ebeveyn-genç uyumu 'iyi'dir ve ebeveyn proxy raporu anlamlı yüksektir — semptom alanında yüksek uyum, bizim ebeveynlik-algısı alanındaki fakir uyumla çelişir; bu, uyumun informant×boyut/alan etkileşimine bağlı olduğunu ampirik gösterir.	DOI:10.1093/jpepsy/jsz089; PMID:31769852	YENI:barryMenkhaus2020t1dScreening	apa_t13	direct — T1DM'li genç + ebeveyn diadları	direct — ICC ile diadik uyum; alan-karşıtlığı (semptom vs. ebeveynlik-algısı) doğrudan kıyaslanabilir	abstract-only (PubMed metadata doğrulandı; ICC değerleri abstract içinde)	farkli	high
C5	Sosyal İlişkiler Modeli (SRM) aile algısını algılayan (perceiver), hedef (target), ilişki ve aile bileşenlerine ayrıştırır — çok-informant varyansının bu boyutlara dağıldığını gösterir; bizim ÖZGÜN informant×boyut×deneyim ayrışma haritamız bu varyans-ayrıştırma mantığını T1DM triadik bağlamına taşıyarak literatürdeki multi-informant boşluğunu doldurur.	DOI:10.1111/1467-6494.t01-1-00001; OpenAlex:W2087285549	YENI:branje2003srmFamilyPerception	CSR#sec-genel-hipotez-ozet	partial — ergen ailelerinde kişilik yargıları; aile-algısı varyans yapısı transfer edilebilir	partial — SRM varyans bileşenleri vs. bizim ICC/Kenny k; kavramsal-yöntemsel köprü	abstract-only (OpenAlex metadata doğrulandı)	bosluk-doldurur	moderate
C6-Tema1	23 nitel çalışmayı sentezleyen güncel bir sistematik derleme, kronik hastalığı olan çocukların sağlıklı kardeşlerinin gereksinimlerinin ebeveyn dikkatinin hasta çocuğa yönelmesi nedeniyle sıklıkla gözden kaçtığını ve 'çok erken büyümek' örüntüsünü ortaya koyar.	DOI:10.1007/s00431-024-05826-7; PMID:39589595	tan2024siblingreview	niteliksel_kanonik_sonuclar#tema-1	partial — kronik pediatrik durumlar geneli (T1DM dahil ama izole değil)	indirect — nitel çalışmaların ikincil sentezi (birincil nitel değil)	abstract-only (tema haritalaması için yeterli; kritik sayısal endpoint yok)	benzer	high
C6-Tema1	Kronik hastalıklı kardeşe sahip 24 ailede çok-perspektifli nitel veri, sağlıklı kardeşlerin 'tetikte yardımcı', 'yerine geçen ebeveyn' ve 'ebeveyn yardımcısı' gibi görünmez bakım rolleri üstlendiğini ve bu yükün yaşça büyük ve kız kardeşlerde yoğunlaştığını gösterir.	DOI:10.1111/1467-9566.12627; PMID:29023907	YENI:webster2018siblingcaringroles	niteliksel_kanonik_sonuclar#tema-1	partial — epilepsili çocuk aileleri (T1DM değil)	direct — çok-perspektifli aile nitel görüşme tasarımı	abstract-only (rol kavramları abstract'ta net)	benzer	high
C6-Tema2	Kronik hastalıklı çocuğun annesinin deneyimini 'tıbbi kariyer' olarak kavramsallaştıran nitel bir çalışma, annenin hipervijilan hâle geldiğini, çocuğu adına 'savaştığını' ve bu aşırı-tetikte tutumun profesyonellerce 'nevrotik/aşırı koruyucu' diye yanlış-yorumlanmasıyla suçluluk-savunma döngüsüne girdiğini gösterir (anneliğin tıbbileşmesi).	DOI:10.1111/bjhp.12409; PMID:32150659	YENI:waiteJones2020medicalcareermother	niteliksel_kanonik_sonuclar#tema-2	partial — jüvenil idiyopatik artritli çocuk anneleri (T1DM değil; anneliğin tıbbileşmesi mekanizması transfer)	direct — sosyal inşacı temelli gömülü kuram, negatif vaka dahil	abstract-only (medikalizasyon+hipervijilans teması abstract'ta açık)	benzer	moderate
C6-Tema2	Tükenmişlik yaşayan 21 T1DM annesiyle yapılan nitel çalışma, anneliği 'imkânsız görev' (Mission Impossible) olarak temalaştırır: gönülsüz üstlenilen sürekli sorumluluk, 'olağanüstü annelik' zorunluluğu ve kendini sürekli değerlendirme.	DOI:10.1016/j.pedn.2017.06.002; PMID:28888496	YENI:lindstrom2017missionimpossible	niteliksel_kanonik_sonuclar#tema-2	direct — T1DM tanılı çocuk anneleri	direct — yarı yapılandırılmış görüşme + içerik analizi	abstract-only (ana tema ve iki alt-tema abstract'ta)	benzer	high
C6-Tema2	T1DM'li çocukların ebeveynleriyle yapılan nitel çalışma, gece boyu glikoz izlemi ve hipoglisemi korkusunun uyku bozukluğu ürettiğini; bu gece bakım yükü ve 'hafif uyuma' halinin özellikle annelerde belirgin olduğunu gösterir (hipervijilansın somut tezahürü).	DOI:10.1080/15402002.2019.1647207; PMID:31370700	YENI:macaulay2020parentalsleep	niteliksel_kanonik_sonuclar#tema-2	direct — T1DM tanılı çocuk ebeveynleri (10 anne/10 baba)	direct — bireysel yarı yapılandırılmış görüşme (PSQI+aktigrafi karma)	abstract-only (annelerde yoğun gece yükü bulgusu abstract'ta)	benzer	high
C6-Tema2	T1DM tanılı çocuk annelerinin bakım yüküyle başa çıkmasını inceleyen nitel çalışma, karmaşık ve titiz gündelik tıbbi bakımın aile dengesini bozarak bakımı süreğen bir işe dönüştürdüğünü doğrudan temalaştırır.	DOI:10.1186/s12902-022-01045-z; PMID:35562744	haghighiMoghadam2022mothers	niteliksel_kanonik_sonuclar#tema-2	direct — T1DM tanılı çocuk anneleri	direct — nitel görüşme temelli	abstract-only	benzer	high
C6-Tema3	T1DM tanılı 40 ergenle yapılan tematik analiz, tüm örneklemin diyabeti anlamlı bir yük ve 'daha az normal' hissettiren bir durum olarak tanımladığını; damgalanma ile kimlik-entegrasyonunun eşzamanlı işlediğini ve bilgi paylaşımının çoğunlukla olumlu benlik değişimiyle ilişkili olduğunu gösterir.	DOI:10.1177/1049732316628835; PMID:26893304	YENI:commissariat2016identity	niteliksel_kanonik_sonuclar#tema-3	direct — T1DM tanılı ergenler (ABD)	direct — yarı yapılandırılmış görüşme + tematik analiz	abstract-only (normalleşme/damgalanma/kimlik temaları abstract'ta)	benzer	high
C6-Tema3	T1DM'li ergenlerin geçiş bakımı deneyimini inceleyen odak grup çalışması dört tema (Individualization/Identity/Interconnection/Impediment) tanımlar: 'Kimlik' teması diyabet damgası ve Tip 2 ile karıştırılmayı, 'Engel' teması ise kısıtlayıcılık ve duygusal yükü kapsar (damgalanma-özerklik gerilimi).	DOI:10.1111/dme.14443; PMID:33107064	YENI:leung2021fourIs	niteliksel_kanonik_sonuclar#tema-3	direct — geçiş yaşındaki T1DM ergenleri	direct — odak grup + satır-satır kodlama	abstract-only (dört tema ve alt-boyutları abstract'ta)	benzer	high
C6-Tema4	İllness intrusiveness (hastalık müdahaleciliği) çerçevesini aileye taşıyan seminal çalışma, hastalık kaynaklı yaşam-kesintisinin aile ortamına yayıldığını, hastaların eşlerinden daha yüksek müdahalecilik bildirdiğini (aile-içi algı tutarsızlığı) ve aile ortamını hastalığa uyarlama yükünü çoğunlukla kadınların üstlendiğini gösterir.	DOI:10.1007/BF02895149; PMID:9706357	YENI:devins1997illnessintrusiveness	niteliksel_kanonik_sonuclar#tema-4	indirect — erişkin son-dönem böbrek hastalığı hasta-eş çiftleri (pediatrik/T1DM değil; kavram-düzeyi transfer)	partial — nicel Illness Intrusiveness + Family Environment Scale; aktarılabilir içgörü aile-içi algı tutarsızlığı	abstract-only (yayılım+eş tutarsızlığı+kadın yükü bulgusu abstract'ta)	benzer	moderate
C6-Tema4	Türkiye'de 10 anne ve 10 çocukla yürütülen fenomenolojik nitel çalışma, T1DM bakımının anne ve baba deneyimlerini rol-temelli ayrıştırdığını (anneler parmak-delme/destek-bulma/beslenme zorluklarını, babalar mali yük ve izin sorununu daha çok yaşar; şok-üzüntü-kayıp korkusu ortak) gösterir.	DOI:10.1002/nop2.70673; PMID:42433195	YENI:uludasdemir2026motherfather	niteliksel_kanonik_sonuclar#tema-4	partial — Türkiye T1DM ebeveynleri; rol-farklılaşması anne-baba düzeyinde (kardeş üçlüsü yok)	direct — fenomenolojik yarı yapılandırılmış görüşme	abstract-only (rol-temelli farklılaşma temaları abstract'ta)	benzer	high
C6-Tema4	Bilgi verici tutarsızlığı (informant discrepancy) literatürü, aynı olguyu farklı bilgi vericilerin farklı raporlamasının ölçüm hatası değil bağlamsal-yapısal bir olgu olduğunu savunur; ancak bu çerçeve nicel psikometri temellidir ve anne-T1DM'li çocuk-sağlıklı kardeş ÜÇLÜSÜNÜN aynı-ev deneyimini rol-temelli nitel okuyan bir tasarım literatürde eksiktir.	DOI:10.3389/fpsyg.2022.931296; PMID:35869503	delosReyes2022discrepancies	niteliksel_kanonik_sonuclar#tema-4	indirect — çocuk ruh sağlığı ölçümü genel (nicel çerçeve)	indirect — nicel ölçüm-değişmezliği tartışması; triadik NİTEL operasyonelleştirme yok	abstract-only (çerçeve; sayısal endpoint metne girmeyecek)	bosluk-doldurur	moderate
C7	[KEŞFİSEL] Nedensel aracılıkta dolaylı etkinin gizli karıştırıcıya duyarlılığı, sequential ignorability varsayımı altında bir ρ (aracı-sonuç hata korelasyonu) parametresiyle resmi olarak sınanır; bu çerçeve bizim ns-dolaylı etki + 3/3 pozitif doğrudan (c') örüntümüzün kırılganlığını yorumlamak için yöntemsel dayanaktır (hipotez-üretici).	DOI:10.1214/10-sts321; OpenAlex:W2056621649	YENI:imaiKeeleYamamoto2010mediationDuyarlilik	apa_t14	indirect — genel istatistik metodoloji, T1DM örneklemi değil; aracılık tasarımımıza doğrudan uygulanabilir çerçeve	direct — uyguladığımız Imai-Keele-Tingley ρ-duyarlılık prosedürünün kanonik kaynağı	abstract+metadata (OpenAlex/Statistical Science OA); ρ-duyarlılık tanımı doğrulandı	benzer	high
C7	[KEŞFİSEL] İki ağ yapısını global güç (global strength), kenar ağırlığı ve tek tek kenarlar açısından permütasyon temelli karşılaştıran Network Comparison Test, grupların ağ topolojisinde farklılaşıp farklılaşmadığını sınar; bizim NCT global strength invaryansımız (p=0,86) bu testin 'fark yok' sonucuyla yorumlanır (keşfisel).	DOI:10.1037/met0000476; PMID:35404628; OpenAlex:W4225598392	YENI:vanBorkulo2022nct	apa_t17	indirect — psikometrik ağ metodolojisi; kesitsel grup karşılaştırması tasarımımıza uygun	direct — raporladığımız NCT global strength invaryans testinin kanonik yöntem kaynağı	abstract+metadata (PubMed/Psychological Methods)	benzer	high
C7	[KEŞFİSEL] Psikolojik değişkenler arası GGM ağları, EBIC ile ayarlanan graphical LASSO düzenlileştirmesiyle seyrek (sparse) kısmi korelasyon yapıları olarak tahmin edilir; bu tutorial bizim EBIC-LASSO GGM kestirimimizin yöntemsel standardını sağlar (hipotez-üretici).	DOI:10.1037/met0000167; OpenAlex:W2462099493	YENI:epskampFried2018ggm	apa_t17	indirect — genel psikometrik ağ metodolojisi	direct — uyguladığımız EBIC-LASSO GGM (qgraph) prosedürünün birincil metodolojik referansı	abstract+metadata (OpenAlex/Psychological Methods)	benzer	high
C7	[KEŞFİSEL] Latent sınıf/profil modellerinde sınıf sayısı kararı için Monte Carlo kanıtı BIC ve bootstrap olabilirlik oranı testini (BLRT) en güvenilir göstergeler olarak işaret eder; entropy ise sınıflandırma kesinliğinin (bizde 0,81) ölçüsüdür — bu bizim BIC-temelli 3-profil (LPA) ve 2-sınıf (LCA) çözümlerimizin öneri-düzeyinde tutulması gerektiğini gösterir (keşfisel).	DOI:10.1080/10705510701575396; DOI:10.1016/j.jvb.2020.103445; OpenAlex:W2090330784; OpenAlex:W3031052835	YENI:nylund2007sinifSayisi	apa_t15	indirect — genel karışım-modeli metodolojisi	direct — sınıf-sayısı kararı ve entropy yorumu için uyguladığımız kriterlerin kaynağı	abstract+metadata (OpenAlex); iki bağımsız metodolojik kaynakla çapraz-doğrulandı	benzer	high
C7	[KEŞFİSEL] Kişi-merkezli (person-oriented) latent profil analizleri ebeveynlik boyutlarından niteliksel olarak ayrışan ebeveynlik profilleri türetip bunları çocuğun/ergenin uyumuyla ilişkilendirebilir; bizim 'Adapte/Tükenmiş/Standart' 3-profil önerimiz T1DM bağlamında bu yaklaşımın henüz yapılmamış bir uygulamasıdır (hipotez-üretici, boşluk-doldurucu).	DOI:10.1007/s10964-021-01538-5; OpenAlex:W3208432070	YENI:otonomiEbeveynlikProfilleri2021	apa_t16	partial — ergen/ebeveyn örneklemi, kronik hastalık dışı; kişi-merkezli ebeveynlik tipolojisi yaklaşımı transfer edilebilir	partial — ebeveynlik boyutları üzerinden LPA, EMBU alt-ölçekleriyle kavramsal örtüşme	abstract-only (OpenAlex/J Youth Adolescence)	bosluk-doldurur	moderate
C7	[KEŞFİSEL] Karar-eğrisi analizi (DCA), bir öngörü modelinin klinik yararını eşik olasılıkları boyunca 'net fayda' üzerinden değerlendirir ve modelin tümünü-tedavi/hiçbirini-tedavi stratejilerine kıyaslar; bizim genişletilmiş risk skorumuzun (AUC 0,58→0,70) yalnızca marjinal net fayda göstermesi, artmış AUC'nin klinik kullanışlılığa doğrudan çevrilemeyeceğini vurgular (keşfisel).	DOI:10.1177/0272989X06295361; PMID:17099194; DOI:10.1186/s41512-019-0064-7; OpenAlex:W2977262858	YENI:vickersElkin2006dca	apa_t18	indirect — orijinal örnek prostat kanseri; net-fayda çerçevesi klinik risk skorumuza uygulanabilir	direct — uyguladığımız DCA/net-fayda metodolojisinin kanonik kaynağı + yorum kılavuzu	abstract+full-abstract (PubMed PMC2577036) + tutorial abstract; net-fayda tanımı doğrulandı	benzer	high
C7	[KEŞFİSEL] Toplam-puan (manifest) skorlama ölçüm hatasını göz ardı ederek etki büyüklüklerini zayıflatır (attenuation); gizli değişken/IRT modelleri hatayı ayrıştırarak daha az yanlı kestirim verir — bu bizim taban-duyarlı IRT latent d=0,54 vs manifest d=0,37 örüntümüzü ölçüm-hatası düzeltmesi çerçevesinde açıklar (hipotez-üretici, boşluk-doldurucu).	DOI:10.3758/s13428-020-01398-0; OpenAlex:W3018219061	YENI:mcneishWolf2020toplamPuan	apa_t20	indirect — genel psikometrik ölçüm metodolojisi	direct — EMBU taban etkisi + latent-vs-manifest skorlama sorunumuza doğrudan uygulanan attenuation/latent-düzeltme argümanı	abstract+metadata (OpenAlex/Behavior Research Methods)	bosluk-doldurur	high
C7	[KEŞFİSEL] Eşdeğerlik testi (TOST — iki tek-yönlü test), önceden belirlenmiş bir eşdeğerlik sınırı içinde etkinin 'anlamlı derecede küçük' olduğunu pozitif olarak sınar ve p>0,05'i 'etki yok' saymanın yanlışını düzeltir; bizim TOST temelli boş-etki değerlendirmelerimiz bu çerçeveyle yorumlanır (keşfisel).	DOI:10.1177/2515245918770963; OpenAlex:W2788930055	YENI:lakens2018esdegerlik	apa_t21	indirect — genel istatistiksel çıkarım metodolojisi	direct — uyguladığımız TOST eşdeğerlik prosedürünün tutorial kaynağı	abstract+metadata (OpenAlex/AMPPS)	benzer	high
C7	[KEŞFİSEL] Ölçülmemiş karıştırıcıya duyarlılık, E-değeri (gözlenen ilişkiyi açıklamak için gereken minimum karıştırıcı-ilişki gücü) ve omitted-variable-bias temelli sensemakr çerçevesiyle nicelenir; bizim E-değeri aralığımız (1,36-1,59) ilişkilerin ortalama-güçte bir karıştırıcıyla açıklanabilir kırılganlıkta olduğunu gösterir (hipotez-üretici).	DOI:10.7326/M16-2607; DOI:10.1111/rssb.12348; OpenAlex:W2735301415; OpenAlex:W2996483157	vanderweeleDing2017evalue	apa_t21	indirect — genel nedensel çıkarım duyarlılık metodolojisi	direct — raporladığımız E-değeri + sensemakr duyarlılık analizlerinin kanonik kaynakları	abstract+metadata (OpenAlex); iki kaynak connector'la doğrulandı; her ikisi de references.bib'de mevcut	benzer	high
C7	[KEŞFİSEL] Çoklu-evren (multiverse) ve spesifikasyon-eğrisi analizleri, makul tüm analitik seçimler kümesi boyunca sonucu yeniden hesaplayarak bulgunun analiz-yolu seçimlerine bağımlılığını şeffaflaştırır; bizim multiverse robustluk taramamız bu çerçevede raporlanır ve sonuçların keşfisel/kırılgan doğasını görünür kılar.	DOI:10.1177/1745691616658637; DOI:10.1038/s41562-020-0912-z; OpenAlex:W2526501380; OpenAlex:W3044225844	steegen2016multiverse	apa_t21	indirect — genel araştırma-metodolojisi/açık bilim çerçevesi	direct — uyguladığımız multiverse + spesifikasyon-eğrisi robustluk yöntemlerinin kanonik kaynakları	abstract+metadata (OpenAlex); iki kaynak da references.bib'de mevcut, DOI'ler doğrulandı	benzer	high
C7	[KEŞFİSEL] Simetrik bifactor modeller genel faktörde anomali/aşırı-uydurma üretebildiğinden bifactor-(S−1) yaklaşımı bir referans-alan faktörünü sabitleyerek yorumlanabilir genel faktör tanımlar; bizim bifactor S-1 çözümümüzün sınır-altı kalması, genel faktör yorumunun bu kısıtlarla ele alınması gerektiğini gösterir (hipotez-üretici).	DOI:10.1037/met0000083; OpenAlex:W2509369262	YENI:eid2017bifactorS1	apa_t20	indirect — genel psikometrik faktör-analizi metodolojisi	direct — uyguladığımız bifactor-(S−1) modelinin foundational kaynağı	abstract+metadata (OpenAlex/Psychological Methods)	farkli	high
C8	Çin ergen örnekleminde s-EMBU'nun üç faktörlü yapısı (Reddetme/Duygusal Sıcaklık/Aşırı Koruma) EFA+CFA ile doğrulanmış ve alt ölçek Cronbach α değerleri (Reddetme dâhil) 0,71-0,81 aralığında yeterli iç tutarlılık göstermiştir.	DOI:10.2466/02.08.09.21.PR0.110.1.263-275; PMID:22489392	YENI:li2012sEmbuChinese	4.2 (EMBU-C reddetme α=0,72)	partial — Çinli ergen topluluk örneklemi; tezin çocuk/kardeş T1DM örneklemine göre yaş/klinik bağlam farklı	direct — aynı s-EMBU ailesi ve Reddetme alt ölçeği; ancak kanonik 3-faktör (tezde 4-faktör test edildi)	abstract-only	benzer	high
C8	İspanyol klinik çocuk örnekleminde EMBU-Ç'de Reddetme ve Duygusal Sıcaklık α>0,73 iken kontrol/aşırı koruma alt ölçeği önceki çalışmalarda olduğu gibi belirgin biçimde düşük iç tutarlılık göstermiştir; yani EMBU'da belirli alt ölçeklerin düşük α'sı yerleşik bir örüntüdür.	DOI:10.1016/j.comppsych.2009.08.003; PMID:20579519	YENI:penelo2010embucClinical	4.2 (alt ölçekler α 0,61-0,81; taban etkili maddeler)	partial — klinik çocuk (8-12 yaş), tezin çocuk yaş bandına yakın ancak T1DM değil	direct — EMBU çocuk formu doğrudan	abstract-only	benzer	high
C8	s-EMBU-A ergen klinik örnekleminde üç faktörlü model kabul edilebilir uyum vermiş (CFI=0,90; RMSEA=0,054), baba ve anne derecelendirmeleri için parametreler eşdeğer (invaryans) bulunmuş ve tüm alt ölçekler α≥0,74 iç tutarlılık taşımıştır.	DOI:10.1016/j.comppsych.2011.01.009; PMID:21397217	YENI:penelo2012sEmbuAdolescent	4.2 (configural+metric invariance sağlandı; scalar sınırda)	partial — ergen psikiyatri ayaktan örneklem (T1DM değil)	direct — s-EMBU; baba/anne parametre eşdeğerliği tezin gruplar-arası invaryansına doğrudan analog	abstract-only	benzer	high
C8	s-EMBU'nun geliştirildiği çok-uluslu (Yunanistan/Guatemala/Macaristan/İtalya) çalışmada 23 maddelik kısa form, Reddetme–Duygusal Sıcaklık–Aşırı Koruma olmak üzere üç faktörlü kanonik yapıyı ortaya koymuştur.	DOI:10.1016/S0191-8869(98)00192-5; OpenAlex:W2020124029	arrindell1999sembu	4.2 (4-faktör Hu-Bentler birleşik kriter karşılanmadı)	indirect — üniversite öğrencisi çok-uluslu örneklem	direct — s-EMBU kaynak ölçek; kanonik 3-faktör mimarisi	abstract-only (tam-metin 403; alt ölçek α değerleri çıkarılamadı)	farkli	high
C8	s-EMBU'nun üç faktörlü yapısı ve kabul edilebilir güvenirliği Avustralya, İspanya ve Venezuela örneklemlerinde çapraz-ulusal olarak tekrarlanmış; yapı kültürler-arası taşınabilir bulunmuştur.	DOI:10.1027/1015-5759.21.1.56; OpenAlex:W2142671454	arrindell2005sembu	4.2 (configural+metric invariance sağlandı)	indirect — yetişkin/öğrenci çok-uluslu örneklem	direct — s-EMBU; kanonik 3-faktör replikasyonu	abstract-only	benzer	moderate
C8	Cronbach α madde sayısına duyarlıdır; az maddeli (kısa) alt ölçeklerde maddeler homojen olsa dahi α düşük kestirilebilir; dolayısıyla düşük α tek başına yapı geçersizliğinin kanıtı sayılamaz ve madde-arası korelasyonla birlikte yorumlanmalıdır.	DOI:10.5116/ijme.4dfb.8dfd; OpenAlex:W2061935394	YENI:tavakolDennick2011alpha	4.2 (EMBU-P reddetme 8 madde, α=0,45)	indirect — metodolojik/genel	indirect — klasik test kuramı güvenirlik ilkeleri	abstract-only (editorial; kanonik ilke)	bosluk-doldurur	high
C8	İç tutarlılığın yorumunda ortalama madde-arası korelasyon temel homojenlik göstergesidir; çok düşük ortalama madde-arası korelasyon (ör. ~0,10) alt ölçeğin zayıf iç yapısına işaret eder ve α'nın düşüklüğünü açıklar (dar/homojen olmayan içerik).	DOI:10.1037/1040-3590.7.3.309; OpenAlex:W2005364767	YENI:clarkWatson1995validity	4.2 (madde-arası r=0,10; 7/8 madde taban>%80)	indirect — metodolojik/genel	direct — ortalama madde-arası korelasyon göstergesi tezdeki r=0,10 yorumuna doğrudan uygulanır	abstract-only (kanonik öneri; önerilen ~0,15-0,50 aralığı tam-metinle doğrulanmadı — bkz gap_log)	bosluk-doldurur	moderate
C8	Cronbach α gerçek güvenirliğin bir alt sınırıdır ve tek boyutluluğun kanıtı değildir; bu nedenle α yanında omega türü güvenirlik ve boyutluluk analizlerinin birlikte raporlanması önerilir.	DOI:10.1007/s11336-008-9101-0; OpenAlex:W2129375743	YENI:sijtsma2009alpha	4.2 (α ile birlikte ω=0,48 raporlandı)	indirect — metodolojik/genel	indirect — güvenirlik kuramı; tezin α+ω çift raporlamasını gerekçelendirir	abstract-only	benzer	high
C8	Çok kısa ölçeklerde (ör. iki maddelik) Cronbach α uygun bir güvenirlik kestiricisi değildir ve Spearman-Brown gibi alternatifler tercih edilmelidir; kısa alt ölçeklerde güvenirlik dikkatle yorumlanmalıdır.	DOI:10.1007/s00038-012-0416-3; OpenAlex:W1995949104	YENI:eisinga2013twoItem	4.2 (kısa reddetme alt ölçeği; düşük α)	indirect — metodolojik/genel	indirect — kısa-ölçek güvenirlik kuramı	abstract-only	bosluk-doldurur	moderate
C8	Ölçüm invaryansı hiyerarşisinde configural→metric→scalar sırası izlenir; kısmi (partial) scalar invaryans, grup ortalamalarının koşullu karşılaştırılabilirliği için yaygın kabul gören ve raporlanabilir bir çözümdür.	DOI:10.1016/j.dr.2016.06.004; OpenAlex:W2469775770	putnickBornstein2016measurementInvariance	4.2 (configural+metric sağlandı; scalar sınırda/item-collapse)	indirect — metodolojik/genel	direct — invaryans raporlama çerçevesi tezin scalar-sınırda bulgusuna doğrudan uygulanır	abstract-only	bosluk-doldurur	high
C8	EMBU (algılanan ebeveyn tutumları) Türk örneklemlerinde uygulanmakta ve Reddetme boyutu kullanılabilmektedir (ör. Türk genç yetişkinlerde EMBU reddetme ölçümü); ancak pediatrik kronik hastalık / Tip 1 diyabet örnekleminde EMBU'nun psikometrik uyarlama/geçerlik kanıtı bulunmamaktadır.	DOI:10.3390/ijerph17072176; PMID:32218210	YENI:naivarSen2020embuTurkey	4.2 (Türk T1DM örnekleminde EMBU psikometrisi)	partial — Türk genç yetişkin topluluk (pediatri/T1DM değil)	partial — EMBU reddetme kullanımı; ölçek adaptasyon-psikometrisi çalışması değil	abstract-only	bosluk-doldurur	moderate
