# Çıkarım tablosu (ayırıcı ';') — konu: BP27 Türkiye atezolizumab (NSCLC) kanıt doğrulaması
# Ayırıcı ';'. Ondalık VİRGÜL. source_tier=evidence (birincil literatür/RCT/RWE).
# Sayısal etki (hr/ci95/orr/estimate) yalnız evidence katmanından. Epidemiyoloji
# (GLOBOCAN) ve ruhsat/SUT (TİTCK/medikaynak) = BAĞLAM → bu tabloda DEĞİL, sentez
# metninde ayrı işaretli (kanıt≠bağlam, context_source_guard).
# hr/ci: yalnız gerçek HR'ler (ci = HR'nin %95 GA'sı). Medyan %95 GA'ları notlar'da.
# Doğrulama: 5 paralel literatür ajanı + PubMed/EPMC/OpenAlex; her sayı PMID/DOI+lokatör.
study_id;pmid_doi;nct;study_name;design;population;histoloji;evre_tnm;biyobelirtec;hat;intervention;comparator;n_total;endpoint;estimate;hr;ci95_lo;ci95_hi;p;orr;events_n;median_followup;funding_coi;source_tier;source_locator;notlar
velcheti2022_ecog01;10.3390/cancers14041041;unverified;Velcheti 2022 Flatiron RWE;gözlemsel;ileri NSCLC PD-L1>=50 ECOG0-1;karışık;IIIB-IV;PD-L1>=50;1L;pembrolizumab monoterapi;-;807;rwToT_medyan;7,4 ay;;;;;;;24 ay;Flatiron/Merck bağlantılı;evidence;PMID 35205788 Tablo 2;24-ay kısıtlı ortalama 10,3 ay (9,7-11,0); 24. ayda %22,1 tedavide; DoGRULANDI birebir
velcheti2022_ecog2;10.3390/cancers14041041;unverified;Velcheti 2022 Flatiron RWE;gözlemsel;ileri NSCLC PD-L1>=50 ECOG2;karışık;IIIB-IV;PD-L1>=50;1L;pembrolizumab monoterapi;-;237;rwToT_medyan;2,1 ay;;;;;;;24 ay;Flatiron/Merck;evidence;PMID 35205788 Tablo 2;24-ay kısıtlı ortalama 5,9 ay; PS>3 kat düşüş; DoGRULANDI
liu2021_chemoIO_nonsq;10.1038/s41598-021-88453-8;unverified;Liu/Burke 2021 Flatiron RWE;gözlemsel;metastatik nonskuamöz EGFR/ALK-;nonskuamöz;IV;EGFR/ALK negatif;1L;pembrolizumab+pemetreksed-karboplatin;-;283;pembrolizumab_rwToT_medyan;5,6 ay;;;;;56,5;;;Flatiron/Merck;evidence;PMID 33911121 Sonuçlar;rwPFS 6,4 ay (5,4-7,8); OS 16,5 ay; DoGRULANDI
velcheti2022_sq_chemoIO;10.1016/j.jtocrr.2022.100444;unverified;Velcheti/Burke 2022 Flatiron RWE;gözlemsel;ileri skuamöz NSCLC ECOG0-1;skuamöz;IIIB-IV;-;1L;pembrolizumab+karboplatin/(nab-)paklitaksel;-;364;pembrolizumab_rwToT_medyan;6,5 ay;;;;;;;;Flatiron/Merck;evidence;PMID 36755804 Sonuçlar;12. ay %29,3, 24. ay %15,9 tedavide; OS 15,3 ay; DoGRULANDI; uzun kuyruk
impower110_atezo;10.1056/NEJMoa1917346;NCT02409342;Herbst 2020 IMpower110;RCT;tedavi-naif yüksek PD-L1;karışık;IV;PD-L1 yüksek;1L;atezolizumab monoterapi;kemoterapi;554;tedavi_süresi_medyan;5,3 ay;;;;;;;;Roche;evidence;DOI 10.1056/NEJMoa1917346 (NEJM tam-metin kapalı); ikincil: Velcheti 2022 sec.4;KISMEN doğrulandı — sayı birincil kaynakta okunamadı, hakemli ikincil kaynak atfediyor
oak_atezo_2l;10.1016/S0140-6736(16)32517-X;NCT02008227;Rittmeyer 2017 OAK;RCT;önceden tedavili;karışık;IIIB-IV;-;2L/3L;atezolizumab;dosetaksel;425;OS_medyan;13,8 ay;0,73;0,62;0,87;0,0003;;;;Roche;evidence;PMID 27979383 Sonuçlar;plasebo/dosetaksel OS 9,6 ay; DoGRULANDI
oak_atezo_dot;10.1016/S0140-6736(16)32517-X;NCT02008227;Rittmeyer 2017 OAK;RCT;önceden tedavili;karışık;IIIB-IV;-;2L/3L;atezolizumab;dosetaksel;609;DoT_medyan;3,4 ay;;;;;;;;Roche;evidence;PMID 27979383 Sonuçlar;PFS 2,8 ay; %21 (125/609) >12 ay tedavide; %40 progresyon sonrası devam; DoGRULANDI 4/4
tail_atezo_2l;10.1136/jitc-2020-001865;NCT03285763;Ardizzoni 2021 TAIL;tek-kol;önceden tedavili (geniş RWE-benzeri);karışık;IIIB-IV;-;2L+;atezolizumab;-;615;DoT_medyan;3,2 ay;;;;;11,1;;;Roche;evidence;PMID 33737339 Tablo 2;PFS 2,7 ay; OS 11,1 ay; DoGRULANDI
tail_atezo_ecog2;10.1136/jitc-2020-001865;NCT03285763;Ardizzoni 2021 TAIL ECOG2 alt grubu;tek-kol;önceden tedavili ECOG2;karışık;IIIB-IV;-;2L+;atezolizumab;-;61;OS_medyan;3,5 ay;;;;;3,3;;;Roche;evidence;PMID 33737339 Tablo 2-3;DoT 1,4 ay; PFS 1,7 ay; 12-ay OS %22; belirgin kötü — DoGRULANDI
ahmed2020_ecog3;10.1016/j.cllc.2020.01.001;unverified;Ahmed 2020;gözlemsel;ileri NSCLC ECOG3;karışık;ileri;-;karışık;ICI (karışık ajan);-;18;OS_medyan;1,5 ay;;;;;;;;akademik;evidence;PMID 32089478 Özet-Sonuçlar;PFS 1,3 ay; n=18; DoGRULANDI birebir
katsura2019_poorPS;10.7150/jca.31217;unverified;Katsura 2019;gözlemsel;kötü PS 2-4 + BSC;karışık;ileri;-;karışık;nivolumab;BSC;20;OS_medyan_gün;32 gün;0,653;0,368;1,158;0,137;;;;akademik;evidence;PMID 31258716 Sonuçlar;ağır pnömonit %25 (kötü-PS) vs %2 (iyi-PS) p 0,010; PS3-4 vs BSC HR 1,235 p 0,516; DoGRULANDI; yıl 2019 (belge 2020 demiş)
meyers2023_poorPS;10.1016/j.jtocrr.2023.100482;unverified;Meyers 2023 Alberta RWE;gözlemsel;ileri NSCLC ECOG>=2 (havuz);karışık;ileri;-;karışık;pembrolizumab/nivolumab;-;790;TTF_medyan;1,4 ay;;;;;;;;akademik;evidence;PMID 37090101 Sonuçlar;OS 3,3 vs 13,4 ay (ECOG>=2 vs 0-1); ECOG2/3 ayrılmıyor; sağlık-hizmeti kullanımı RR 1,6-2,7
pacific_durva;10.1056/NEJMoa1709937;NCT02125461;Antonia 2017 PACIFIC;RCT;rezeke edilemeyen Evre III KRT sonrası progresyonsuz;karışık;III;-;konsolidasyon;durvalumab;plasebo;713;PFS_medyan;16,8 ay;0,52;0,42;0,65;;;;;AstraZeneca;evidence;PMID 28885881 Özet;plasebo PFS 5,6 ay; 12-ay PFS %55,9 vs %35,3 (plasebo=KRT-only proxy: 12 ayda ~%65 progresyon/ölüm); DoGRULANDI
spigel2022_pacific5y;10.1200/JCO.21.01308;NCT02125461;Spigel 2022 PACIFIC 5-yıl;RCT;rezeke edilemeyen Evre III;karışık;III;-;konsolidasyon;durvalumab;plasebo;713;OS_medyan;47,5 ay;0,72;0,59;0,89;;;;;AstraZeneca;evidence;PMID 35108059 Sonuçlar;5-yıl OS %42,9 vs %33,4; 5-yıl PFS %33,1 vs %19,0; sonraki tedavi %48,5 vs %58,6; sonraki IO %12,6 vs %29,1; sayfa 1301-1311 DOĞRU
pacificr_durva_rw;10.1016/j.jtho.2022.10.003;unverified;Girard 2023 PACIFIC-R gerçek yaşam;gözlemsel;rezeke edilemeyen Evre III durva başlayan;karışık;III;PD-L1 katmanlı;konsolidasyon;durvalumab;-;1399;rwPFS_medyan;21,7 ay;;;;;;;;AstraZeneca;evidence;PMID 36307040 Özet;%95 GA 19,1-24,5; eşzamanlı 23,7 vs ardışık 19,3; PD-L1>=1 22,4 vs <1 15,6 ay; sayfa 181-193
park2025_korean_early;10.21037/tlcr-2024-1112;unverified;Park 2025 Kore durva-başlatan kohortu;gözlemsel;Evre III CCRT sonrası durva başlayan;karışık;III;-;konsolidasyon;durvalumab;-;222;erken_nüks_6ay;%18,0;;;;;;;;akademik;evidence;PMID 40386716 Sonuçlar;payda=durva-başlatanlar (64 dışlandı: 35 erken-YE, 29 devam); zaman-sıfır=durva ilk doz; N3 eğilim NS p 0,055; DoGRULANDI
aslan2025_israeli_early;10.1111/1759-7714.70130;unverified;Aslan 2025 İsrail iki-merkez;gözlemsel;Evre III CRT sonrası durva başlayan;karışık;III;-;konsolidasyon;durvalumab;-;141;erken_nüks_veya_ölüm_6ay;%31,2;;;;;;;;akademik;evidence;PMID 40662350 Sonuçlar;payda=durva-başlatanlar (175 CRT'den 34'ü=%19,4 durvaya geçmedi); N3 %51,9 vs N0-2 %26,3; PFS-olay (ölüm dahil); DoGRULANDI
